keys,en,hi,mr,ta,te,kn,bn,pa
GAME_TITLE,Kabaddi Raid,कबड्डी रेड,कबड्डी रेड,கபடி ரெய்டு,కబడ్డీ రైడ్,ಕಬಡ್ಡಿ ರೇಡ್,কাবাডি রেইড,ਕਬੱਡੀ ਰੇਡ
TAGLINE,Raid. Touch. Return.,रेड। टच। वापसी।,रेड. टच. परत.,ரெய்டு. தொடு. திரும்பு.,రైడ్. టచ్. రిటర్న్.,ರೇಡ್. ಟಚ್. ವಾಪಸ್.,রেইড। টাচ। ফেরা।,ਰੇਡ। ਟੱਚ। ਵਾਪਸੀ।
MENU_QUICK,Quick Match,क्विक मैच,क्विक मॅच,விரைவுப் போட்டி,క్విక్ మ్యాచ్,ಕ್ವಿಕ್ ಮ್ಯಾಚ್,কুইক ম্যাচ,ਕੁਇੱਕ ਮੈਚ
MENU_CUP,Nations Cup,नेशंस कप,नेशन्स कप,நேஷன்ஸ் கோப்பை,నేషన్స్ కప్,ನೇಷನ್ಸ್ ಕಪ್,নেশনস কাপ,ਨੇਸ਼ਨਜ਼ ਕੱਪ
MENU_CAREER,Career,करियर,करिअर,கேரியர்,కెరీర్,ಕೆರಿಯರ್,কেরিয়ার,ਕਰੀਅਰ
MENU_SETTINGS,Settings,सेटिंग्स,सेटिंग्ज,அமைப்புகள்,సెట్టింగ్స్,ಸೆಟ್ಟಿಂಗ್ಸ್,সেটিংস,ਸੈਟਿੰਗਾਂ
MENU_HOWTO,How to Play,कैसे खेलें,कसे खेळायचे,எப்படி விளையாடுவது,ఎలా ఆడాలి,ಆಡುವುದು ಹೇಗೆ,কীভাবে খেলবেন,ਕਿਵੇਂ ਖੇਡਣਾ ਹੈ
MENU_QUICK_DESC,Pick two teams and a ground. Play now.,दो टीमें और एक मैदान चुनें। अभी खेलें।,दोन संघ आणि एक मैदान निवडा. लगेच खेळा.,"இரண்டு அணிகள், ஒரு மைதானம் தேர்வு செய்யுங்கள். இப்போதே ஆடுங்கள்.","రెండు జట్లు, ఒక మైదానం ఎంచుకోండి. ఇప్పుడే ఆడండి.",ಎರಡು ತಂಡ ಮತ್ತು ಒಂದು ಮೈದಾನ ಆರಿಸಿ. ಈಗಲೇ ಆಡಿ.,দুটো দল আর একটা মাঠ বেছে নিন। এখনই খেলুন।,ਦੋ ਟੀਮਾਂ ਤੇ ਇੱਕ ਮੈਦਾਨ ਚੁਣੋ। ਹੁਣੇ ਖੇਡੋ।
MENU_CUP_DESC,Eight countries. Two groups. One trophy.,आठ देश। दो ग्रुप। एक ट्रॉफी।,आठ देश. दोन गट. एक ट्रॉफी.,எட்டு நாடுகள். இரண்டு குழுக்கள். ஒரே கோப்பை.,ఎనిమిది దేశాలు. రెండు గ్రూపులు. ఒకే ట్రోఫీ.,ಎಂಟು ದೇಶಗಳು. ಎರಡು ಗುಂಪುಗಳು. ಒಂದೇ ಟ್ರೋಫಿ.,আটটি দেশ। দুটি গ্রুপ। একটাই ট্রফি।,ਅੱਠ ਦੇਸ਼। ਦੋ ਗਰੁੱਪ। ਇੱਕ ਟਰਾਫ਼ੀ।
MENU_CAREER_DESC,"Create a player, go under the hammer, build a legacy.","अपना खिलाड़ी बनाएं, ऑक्शन में उतरें, अपनी पहचान बनाएं।","खेळाडू तयार करा, लिलावात उतरा, स्वतःचा वारसा घडवा.","வீரரை உருவாக்குங்கள், ஏலத்தில் இறங்குங்கள், உங்கள் பெயரைப் பதியுங்கள்.","ఆటగాడిని సృష్టించండి, వేలంలోకి దిగండి, మీ పేరు నిలబెట్టండి.","ಆಟಗಾರನನ್ನು ರಚಿಸಿ, ಹರಾಜಿಗೆ ಇಳಿಯಿರಿ, ನಿಮ್ಮ ಹೆಸರು ಮಾಡಿ.","খেলোয়াড় তৈরি করুন, নিলামে উঠুন, নিজের নাম গড়ুন।","ਖਿਡਾਰੀ ਬਣਾਓ, ਨਿਲਾਮੀ ਵਿੱਚ ਉਤਰੋ, ਆਪਣਾ ਨਾਂ ਬਣਾਓ।"
BACK,Back,वापस,मागे,பின்செல்,వెనక్కి,ಹಿಂದೆ,ফিরে যান,ਵਾਪਸ
PLAY,Play,खेलें,खेळा,விளையாடு,ఆడండి,ಆಡಿ,খেলুন,ਖੇਡੋ
CONTINUE,Continue,जारी रखें,सुरू ठेवा,தொடர்,కొనసాగించండి,ಮುಂದುವರಿಸಿ,চালিয়ে যান,ਜਾਰੀ ਰੱਖੋ
NEXT,Next,आगे,पुढे,அடுத்து,తర్వాత,ಮುಂದೆ,পরবর্তী,ਅੱਗੇ
DONE,Done,हो गया,झाले,முடிந்தது,పూర్తైంది,ಆಯಿತು,হয়ে গেছে,ਹੋ ਗਿਆ
YES,Yes,हाँ,हो,ஆம்,అవును,ಹೌದು,হ্যাঁ,ਹਾਂ
NO,No,नहीं,नाही,இல்லை,కాదు,ಇಲ್ಲ,না,ਨਹੀਂ
ON,On,चालू,चालू,ஆன்,ఆన్,ಆನ್,চালু,ਚਾਲੂ
OFF,Off,बंद,बंद,ஆஃப்,ఆఫ్,ಆಫ್,বন্ধ,ਬੰਦ
VS,vs,बनाम,वि.,எதிர்,వర్సెస్,ವಿರುದ್ಧ,বনাম,ਬਨਾਮ
YOUR_TEAM,Your team,आपकी टीम,तुमचा संघ,உங்கள் அணி,మీ జట్టు,ನಿಮ್ಮ ತಂಡ,আপনার দল,ਤੁਹਾਡੀ ਟੀਮ
OPPONENT,Opponent,विरोधी,प्रतिस्पर्धी,எதிரணி,ప్రత్యర్థి,ಎದುರಾಳಿ,প্রতিপক্ষ,ਵਿਰੋਧੀ
ARENA,Ground,मैदान,मैदान,மைதானம்,మైదానం,ಮೈದಾನ,মাঠ,ਮੈਦਾਨ
MATCH_LENGTH,Match length,मैच की अवधि,सामन्याचा कालावधी,போட்டி நேரம்,మ్యాచ్ నిడివి,ಪಂದ್ಯದ ಅವಧಿ,ম্যাচের দৈর্ঘ্য,ਮੈਚ ਦੀ ਮਿਆਦ
LENGTH_SHORT,Short · 2 × 3 min,छोटा · 2 × 3 मिनट,छोटा · 2 × 3 मि.,குறுகிய · 2 × 3 நிமி,చిన్న · 2 × 3 నిమి,ಕಿರು · 2 × 3 ನಿಮಿ,ছোট · 2 × 3 মিনিট,ਛੋਟਾ · 2 × 3 ਮਿੰਟ
LENGTH_MEDIUM,Medium · 2 × 7 min,मध्यम · 2 × 7 मिनट,मध्यम · 2 × 7 मि.,நடுத்தர · 2 × 7 நிமி,మధ్యస్థ · 2 × 7 నిమి,ಮಧ್ಯಮ · 2 × 7 ನಿಮಿ,মাঝারি · 2 × 7 মিনিট,ਦਰਮਿਆਨਾ · 2 × 7 ਮਿੰਟ
LENGTH_FULL,Full · 2 × 20 min,पूरा · 2 × 20 मिनट,पूर्ण · 2 × 20 मि.,முழு · 2 × 20 நிமி,పూర్తి · 2 × 20 నిమి,ಪೂರ್ಣ · 2 × 20 ನಿಮಿ,পূর্ণ · 2 × 20 মিনিট,ਪੂਰਾ · 2 × 20 ਮਿੰਟ
DIFFICULTY,Difficulty,कठिनाई,कठीणता,சிரம நிலை,కష్ట స్థాయి,ಕಠಿಣತೆ,কাঠিন্য,ਮੁਸ਼ਕਲ ਪੱਧਰ
DIFF_EASY,Easy,आसान,सोपे,எளிது,సులభం,ಸುಲಭ,সহজ,ਸੌਖਾ
DIFF_NORMAL,Normal,सामान्य,सामान्य,சாதாரணம்,సాధారణం,ಸಾಮಾನ್ಯ,সাধারণ,ਆਮ
DIFF_PRO,Pro,प्रो,प्रो,ப்ரோ,ప్రో,ಪ್ರೊ,প্রো,ਪ੍ਰੋ
CAMERA,Camera,कैमरा,कॅमेरा,கேமரா,కెమెరా,ಕ್ಯಾಮೆರಾ,ক্যামেরা,ਕੈਮਰਾ
CAM_THIRD,Third person,थर्ड पर्सन,थर्ड पर्सन,மூன்றாம் நபர்,థర్డ్ పర్సన్,ಥರ್ಡ್ ಪರ್ಸನ್,থার্ড পার্সন,ਥਰਡ ਪਰਸਨ
CAM_FIRST,First person,फर्स्ट पर्सन,फर्स्ट पर्सन,முதல் நபர்,ఫస్ట్ పర్సన్,ಫಸ್ಟ್ ಪರ್ಸನ್,ফার্স্ট পার্সন,ਫ਼ਸਟ ਪਰਸਨ
CAM_TV,Broadcast,टीवी ब्रॉडकास्ट,टीव्ही ब्रॉडकास्ट,டிவி ஒளிபரப்பு,టీవీ ప్రసారం,ಟಿವಿ ಪ್ರಸಾರ,টিভি সম্প্রচার,ਟੀਵੀ ਪ੍ਰਸਾਰਣ
TEAMS_LEAGUE,League teams,लीग टीमें,लीग संघ,லீக் அணிகள்,లీగ్ జట్లు,ಲೀಗ್ ತಂಡಗಳು,লিগের দল,ਲੀਗ ਟੀਮਾਂ
TEAMS_COUNTRIES,Countries,देश,देश,நாடுகள்,దేశాలు,ದೇಶಗಳು,দেশ,ਦੇਸ਼
LEAGUE_NAME,Premier Raid League,प्रीमियर रेड लीग,प्रीमियर रेड लीग,பிரீமியர் ரெய்டு லீக்,ప్రీమియర్ రైడ్ లీగ్,ಪ್ರೀಮಿಯರ್ ರೇಡ್ ಲೀಗ್,প্রিমিয়ার রেইড লিগ,ਪ੍ਰੀਮੀਅਰ ਰੇਡ ਲੀਗ
LEAGUE_SHORT,PRL,PRL,PRL,PRL,PRL,PRL,PRL,PRL
RATING,Rating,रेटिंग,रेटिंग,ரேட்டிங்,రేటింగ్,ರೇಟಿಂಗ್,রেটিং,ਰੇਟਿੰਗ
LANGUAGE,Language,भाषा,भाषा,மொழி,భాష,ಭಾಷೆ,ভাষা,ਭਾਸ਼ਾ
GRAPHICS,Graphics,ग्राफ़िक्स,ग्राफिक्स,கிராபிக்ஸ்,గ్రాఫిక్స్,ಗ್ರಾಫಿಕ್ಸ್,গ্রাফিক্স,ਗ੍ਰਾਫ਼ਿਕਸ
GFX_LOW,Low,कम,कमी,குறைவு,తక్కువ,ಕಡಿಮೆ,কম,ਘੱਟ
GFX_MEDIUM,Medium,मध्यम,मध्यम,நடுத்தரம்,మధ్యస్థం,ಮಧ್ಯಮ,মাঝারি,ਦਰਮਿਆਨਾ
GFX_HIGH,High,ज़्यादा,जास्त,அதிகம்,ఎక్కువ,ಹೆಚ್ಚು,বেশি,ਵੱਧ
SOUND,Sound,आवाज़,आवाज,ஒலி,సౌండ్,ಧ್ವನಿ,সাউন্ড,ਆਵਾਜ਼
VIBRATION,Vibration,वाइब्रेशन,व्हायब्रेशन,அதிர்வு,వైబ్రేషన్,ವೈಬ್ರೇಶನ್,ভাইব্রেশন,ਵਾਈਬ੍ਰੇਸ਼ਨ
LEFT_HANDED,Left-handed controls,बाएँ हाथ के कंट्रोल,डावखुरे कंट्रोल्स,இடக்கை கட்டுப்பாடுகள்,ఎడమచేతి కంట్రోల్స్,ಎಡಗೈ ಕಂಟ್ರೋಲ್ಸ್,বাঁহাতি কন্ট্রোল,ਖੱਬੇ ਹੱਥ ਵਾਲੇ ਕੰਟਰੋਲ
SETTINGS_SAVED,Settings saved,सेटिंग्स सेव हो गईं,सेटिंग्ज सेव्ह झाल्या,அமைப்புகள் சேமிக்கப்பட்டன,సెట్టింగ్స్ సేవ్ అయ్యాయి,ಸೆಟ್ಟಿಂಗ್ಸ್ ಸೇವ್ ಆಯಿತು,সেটিংস সেভ হয়েছে,ਸੈਟਿੰਗਾਂ ਸੇਵ ਹੋ ਗਈਆਂ
BTN_TOUCH,Hand touch,हैंड टच,हँड टच,ஹேண்ட் டச்,హ్యాండ్ టచ్,ಹ್ಯಾಂಡ್ ಟಚ್,হ্যান্ড টাচ,ਹੈਂਡ ਟੱਚ
BTN_KICK,Toe touch,टो टच,टो टच,டோ டச்,టో టచ్,ಟೋ ಟಚ್,টো টাচ,ਟੋ ਟੱਚ
BTN_DODGE,Dodge,चकमा,चकवा,நழுவு,తప్పించుకో,ತಪ್ಪಿಸಿಕೊ,ডজ,ਝਕਾਨੀ
BTN_TACKLE,Tackle,टैकल,टॅकल,டேக்கிள்,ట్యాకిల్,ಟ್ಯಾಕಲ್,ট্যাকল,ਟੈਕਲ
BTN_SWITCH,Switch,स्विच,स्विच,மாற்று,మార్చు,ಬದಲಿಸು,সুইচ,ਸਵਿੱਚ
BTN_CAMERA,Camera,कैमरा,कॅमेरा,கேமரா,కెమెరా,ಕ್ಯಾಮೆರಾ,ক্যামেরা,ਕੈਮਰਾ
BTN_PAUSE,Pause,रोकें,थांबवा,இடைநிறுத்து,పాజ్,ವಿರಾಮ,পজ,ਰੋਕੋ
BTN_SKIP,Skip,स्किप,स्किप,தவிர்,స్కిప్,ಸ್ಕಿಪ್,স্কিপ,ਛੱਡੋ
HUD_HALF,Half {n},हाफ {n},हाफ {n},பாதி {n},హాఫ్ {n},ಹಾಫ್ {n},হাফ {n},ਹਾਫ਼ {n}
HUD_RAIDING,{team} raiding,{team} की रेड,{team} ची रेड,{team} ரெய்டு,{team} రైడ్,{team} ರೇಡ್,{team}-এর রেইড,{team} ਦੀ ਰੇਡ
HUD_DOD,Do or die,डू-ऑर-डाई,डू-ऑर-डाय,டூ ஆர் டை,డూ ఆర్ డై,ಡೂ ಆರ್ ಡೈ,ডু-অর-ডাই,ਡੂ-ਔਰ-ਡਾਈ
HUD_ON_MAT,{n} on mat,मैट पर {n},मॅटवर {n},களத்தில் {n},మ్యాట్ మీద {n},ಮ್ಯಾಟ್ ಮೇಲೆ {n},ম্যাটে {n},ਮੈਟ 'ਤੇ {n}
HUD_YOUR_RAID,Your raid,आपकी रेड,तुमची रेड,உங்கள் ரெய்டு,మీ రైడ్,ನಿಮ್ಮ ರೇಡ್,আপনার রেইড,ਤੁਹਾਡੀ ਰੇਡ
HUD_DEFEND,Defend,डिफेंड करें,बचाव करा,தடுங்கள்,డిఫెండ్ చేయండి,ಡಿಫೆಂಡ್ ಮಾಡಿ,ডিফেন্ড করুন,ਡਿਫੈਂਡ ਕਰੋ
HUD_CHANT,Kabaddi… kabaddi…,कबड्डी… कबड्डी…,कबड्डी… कबड्डी…,கபடி… கபடி…,కబడ్డీ… కబడ్డీ…,ಕಬಡ್ಡಿ… ಕಬಡ್ಡಿ…,কাবাডি… কাবাডি…,ਕਬੱਡੀ… ਕਬੱਡੀ…
HUD_RAID_CLOCK,Raid clock,रेड क्लॉक,रेड क्लॉक,ரெய்டு நேரம்,రైడ్ క్లాక్,ರೇಡ್ ಕ್ಲಾಕ್,রেইড ক্লক,ਰੇਡ ਕਲਾਕ
EV_TOUCH,Touch point,टच पॉइंट,टच पॉइंट,டச் பாயிண்ட்,టచ్ పాయింట్,ಟಚ್ ಪಾಯಿಂಟ್,টাচ পয়েন্ট,ਟੱਚ ਪੁਆਇੰਟ
EV_BONUS,Bonus!,बोनस!,बोनस!,போனஸ்!,బోనస్!,ಬೋನಸ್!,বোনাস!,ਬੋਨਸ!
EV_TACKLE,Tackle!,टैकल!,टॅकल!,டேக்கிள்!,ట్యాకిల్!,ಟ್ಯಾಕಲ್!,ট্যাকল!,ਟੈਕਲ!
EV_SUPER_TACKLE,Super tackle!,सुपर टैकल!,सुपर टॅकल!,சூப்பர் டேக்கிள்!,సూపర్ ట్యాకిల్!,ಸೂಪರ್ ಟ್ಯಾಕಲ್!,সুপার ট্যাকল!,ਸੁਪਰ ਟੈਕਲ!
EV_SUPER_RAID,Super raid!,सुपर रेड!,सुपर रेड!,சூப்பர் ரெய்டு!,సూపర్ రైడ్!,ಸೂಪರ್ ರೇಡ್!,সুপার রেইড!,ਸੁਪਰ ਰੇਡ!
EV_ALL_OUT,All out!,ऑल आउट!,ऑल आउट!,ஆல் அவுட்!,ఆల్ అవుట్!,ಆಲ್ ಔಟ್!,অল আউট!,ਆਲ ਆਊਟ!
EV_EMPTY,Empty raid,खाली रेड,रिकामी रेड,வெற்று ரெய்டு,ఖాళీ రైడ్,ಖಾಲಿ ರೇಡ್,খালি রেইড,ਖ਼ਾਲੀ ਰੇਡ
EV_DOD_FAIL,Do-or-die failed,डू-ऑर-डाई नाकाम,डू-ऑर-डाय फसली,டூ ஆர் டை தோல்வி,డూ ఆర్ డై విఫలం,ಡೂ ಆರ್ ಡೈ ವಿಫಲ,ডু-অর-ডাই ব্যর্থ,ਡੂ-ਔਰ-ਡਾਈ ਨਾਕਾਮ
EV_OUT_OF_BOUNDS,Out of bounds,बाउंड्री से बाहर,सीमेबाहेर,எல்லைக்கு வெளியே,హద్దు దాటారు,ಗಡಿ ದಾಟಿದರು,সীমানার বাইরে,ਹੱਦ ਤੋਂ ਬਾਹਰ
EV_BAULK_FAIL,Baulk line not crossed,बॉल्क लाइन पार नहीं हुई,बॉल्क लाइन ओलांडली नाही,பால்க் லைனைக் கடக்கவில்லை,బాల్క్ లైన్ దాటలేదు,ಬಾಲ್ಕ್ ಲೈನ್ ದಾಟಿಲ್ಲ,বল্ক লাইন পার হয়নি,ਬੌਲਕ ਲਾਈਨ ਪਾਰ ਨਹੀਂ ਹੋਈ
EV_TIME_UP,Raid clock ran out,रेड का समय खत्म,रेडची वेळ संपली,ரெய்டு நேரம் முடிந்தது,రైడ్ సమయం ముగిసింది,ರೇಡ್ ಸಮಯ ಮುಗಿಯಿತು,রেইডের সময় শেষ,ਰੇਡ ਦਾ ਸਮਾਂ ਮੁੱਕ ਗਿਆ
EV_RAID_OK,Successful raid,सफल रेड,यशस्वी रेड,வெற்றிகரமான ரெய்டு,విజయవంతమైన రైడ్,ಯಶಸ್ವಿ ರೇಡ್,সফল রেইড,ਕਾਮਯਾਬ ਰੇਡ
EV_HOLD,Ankle hold!,एंकल होल्ड!,अँकल होल्ड!,ஆங்கிள் ஹோல்டு!,యాంకిల్ హోల్డ్!,ಆ್ಯಂಕಲ್ ಹೋಲ್ಡ್!,অ্যাঙ্কল হোল্ড!,ਐਂਕਲ ਹੋਲਡ!
EV_CHAIN,Chain tackle!,चेन टैकल!,चेन टॅकल!,செயின் டேக்கிள்!,చైన్ ట్యాకిల్!,ಚೈನ್ ಟ್ಯಾಕಲ್!,চেইন ট্যাকল!,ਚੇਨ ਟੈਕਲ!
EV_BROKE_FREE,Broke free!,पकड़ से छूट निकला!,पकड सोडवली!,பிடியிலிருந்து தப்பினார்!,పట్టు విడిపించుకున్నాడు!,ಹಿಡಿತದಿಂದ ಪಾರು!,ছাড়িয়ে বেরিয়ে গেল!,ਜੱਫਾ ਤੋੜ ਕੇ ਨਿਕਲਿਆ!
EV_REVIVED,{n} revived,{n} रिवाइव,{n} रिव्हाइव्ह,{n} ரிவைவ்,{n} రివైవ్,{n} ರಿವೈವ್,{n} রিভাইভ,{n} ਰਿਵਾਈਵ
EV_POINTS,+{n},+{n},+{n},+{n},+{n},+{n},+{n},+{n}
HALF_TIME,Half time,हाफ टाइम,हाफ टाइम,இடைவேளை,హాఫ్ టైమ్,ಹಾಫ್ ಟೈಮ್,হাফ টাইম,ਹਾਫ਼ ਟਾਈਮ
FULL_TIME,Full time,फुल टाइम,फुल टाइम,ஆட்டம் முடிவு,ఫుల్ టైమ్,ಫುಲ್ ಟೈಮ್,ফুল টাইম,ਫੁੱਲ ਟਾਈਮ
TEAM_WINS,{team} win!,{team} की जीत!,{team} विजयी!,{team} வெற்றி!,{team} గెలిచింది!,{team} ಗೆಲುವು!,{team} জিতল!,{team} ਦੀ ਜਿੱਤ!
MATCH_TIED,It's a tie,मैच टाई,सामना बरोबरीत,போட்டி சமநிலை,మ్యాచ్ టై,ಪಂದ್ಯ ಟೈ,ম্যাচ টাই,ਮੈਚ ਟਾਈ
YOU_RAID,Your raid,आपकी रेड,तुमची रेड,உங்கள் ரெய்டு,మీ రైడ్,ನಿಮ್ಮ ರೇಡ್,আপনার রেইড,ਤੁਹਾਡੀ ਰੇਡ
YOU_DEFEND,Defend!,डिफेंड करें!,बचाव करा!,தடுங்கள்!,డిఫెండ్ చేయండి!,ಡಿಫೆಂಡ್ ಮಾಡಿ!,ডিফেন্ড করুন!,ਡਿਫੈਂਡ ਕਰੋ!
PAUSED,Paused,पॉज़,पॉज,இடைநிறுத்தம்,పాజ్ అయింది,ವಿರಾಮ,পজ করা হয়েছে,ਰੁਕਿਆ ਹੋਇਆ
RESUME,Resume,जारी रखें,पुन्हा सुरू,தொடர்,కొనసాగించు,ಮುಂದುವರಿಸಿ,আবার শুরু,ਮੁੜ ਸ਼ੁਰੂ
QUIT_MATCH,Quit match,मैच छोड़ें,सामना सोडा,போட்டியிலிருந்து வெளியேறு,మ్యాచ్ వదిలేయండి,ಪಂದ್ಯ ಬಿಡಿ,ম্যাচ ছাড়ুন,ਮੈਚ ਛੱਡੋ
HINT_RAID,"Cross the baulk line, touch defenders, then get back over the midline.","बॉल्क लाइन पार करें, डिफेंडरों को छुएँ, फिर मिडलाइन पार करके वापस आएँ।","बॉल्क लाइन ओलांडा, डिफेंडर्सना टच करा, मग मिडलाइन ओलांडून परत या.","பால்க் லைனைக் கடந்து, டிஃபெண்டர்களைத் தொட்டு, மிட்லைனைத் தாண்டித் திரும்புங்கள்.","బాల్క్ లైన్ దాటి, డిఫెండర్లను తాకి, మిడ్‌లైన్ దాటి వెనక్కి రండి.","ಬಾಲ್ಕ್ ಲೈನ್ ದಾಟಿ, ಡಿಫೆಂಡರ್‌ಗಳನ್ನು ಮುಟ್ಟಿ, ನಂತರ ಮಿಡ್‌ಲೈನ್ ದಾಟಿ ವಾಪಸ್ ಬನ್ನಿ.","বল্ক লাইন পেরিয়ে ডিফেন্ডারদের ছুঁয়ে দিন, তারপর মিডলাইন পেরিয়ে ফিরে আসুন।","ਬੌਲਕ ਲਾਈਨ ਪਾਰ ਕਰੋ, ਡਿਫੈਂਡਰਾਂ ਨੂੰ ਛੂਹੋ, ਫਿਰ ਮਿਡਲਾਈਨ ਪਾਰ ਕਰਕੇ ਵਾਪਸ ਆਓ।"
HINT_DEFEND,Hold your shape. Tackle as the raider turns for home.,"अपनी पोज़ीशन बनाए रखें। रेडर जैसे ही वापस मुड़े, टैकल करें।",फळी तुटू देऊ नका. रेडर परत वळताच टॅकल करा.,அமைப்பைக் கலைக்காதீர்கள். ரெய்டர் திரும்பும்போது டேக்கிள் செய்யுங்கள்.,మీ ఆకృతి చెదరనివ్వకండి. రైడర్ వెనక్కి తిరగగానే ట్యాకిల్ చేయండి.,ರಚನೆ ಕಾಯ್ದುಕೊಳ್ಳಿ. ರೇಡರ್ ವಾಪಸ್ ತಿರುಗುತ್ತಿದ್ದಂತೆ ಟ್ಯಾಕಲ್ ಮಾಡಿ.,গঠন ধরে রাখুন। রেইডার ফেরার জন্য ঘুরলেই ট্যাকল করুন।,"ਆਪਣੀ ਥਾਂ ਬਣਾਈ ਰੱਖੋ। ਰੇਡਰ ਜਿਵੇਂ ਹੀ ਵਾਪਸ ਮੁੜੇ, ਟੈਕਲ ਕਰੋ।"
HINT_DOD,Do-or-die raid: score a point or the raider is out.,"डू-ऑर-डाई रेड: पॉइंट लें, वरना रेडर आउट।","डू-ऑर-डाय रेड: पॉइंट मिळवा, नाहीतर रेडर आउट.","டூ ஆர் டை ரெய்டு: புள்ளி எடுக்க வேண்டும், இல்லையெனில் ரெய்டர் அவுட்.","డూ ఆర్ డై రైడ్: పాయింట్ సాధించాలి, లేదంటే రైడర్ అవుట్.","ಡೂ ಆರ್ ಡೈ ರೇಡ್: ಪಾಯಿಂಟ್ ಗಳಿಸಿ, ಇಲ್ಲದಿದ್ದರೆ ರೇಡರ್ ಔಟ್.","ডু-অর-ডাই রেইড: পয়েন্ট আনুন, নইলে রেইডার আউট।","ਡੂ-ਔਰ-ਡਾਈ ਰੇਡ: ਪੁਆਇੰਟ ਲਓ, ਨਹੀਂ ਤਾਂ ਰੇਡਰ ਆਊਟ।"
STAT_RAID_PTS,Raid points,रेड पॉइंट्स,रेड पॉइंट्स,ரெய்டு புள்ளிகள்,రైడ్ పాయింట్లు,ರೇಡ್ ಪಾಯಿಂಟ್ಸ್,রেইড পয়েন্ট,ਰੇਡ ਪੁਆਇੰਟ
STAT_TACKLE_PTS,Tackle points,टैकल पॉइंट्स,टॅकल पॉइंट्स,டேக்கிள் புள்ளிகள்,ట్యాకిల్ పాయింట్లు,ಟ್ಯಾಕಲ್ ಪಾಯಿಂಟ್ಸ್,ট্যাকল পয়েন্ট,ਟੈਕਲ ਪੁਆਇੰਟ
STAT_ALL_OUT_PTS,All-out points,ऑल आउट पॉइंट्स,ऑल आउट पॉइंट्स,ஆல் அவுட் புள்ளிகள்,ఆల్ అవుట్ పాయింట్లు,ಆಲ್ ಔಟ್ ಪಾಯಿಂಟ್ಸ್,অল আউট পয়েন্ট,ਆਲ ਆਊਟ ਪੁਆਇੰਟ
STAT_EXTRA_PTS,Extras,एक्स्ट्रा,एक्स्ट्रा,கூடுதல்,అదనపు,ಹೆಚ್ಚುವರಿ,অতিরিক্ত,ਵਾਧੂ
STAT_TOTAL,Total,कुल,एकूण,மொத்தம்,మొత్తం,ಒಟ್ಟು,মোট,ਕੁੱਲ
PLAYER_OF_MATCH,Player of the match,प्लेयर ऑफ़ द मैच,प्लेयर ऑफ द मॅच,ஆட்டநாயகன்,ప్లేయర్ ఆఫ్ ద మ్యాచ్,ಪಂದ್ಯಶ್ರೇಷ್ಠ,ম্যাচের সেরা,ਪਲੇਅਰ ਆਫ਼ ਦ ਮੈਚ
SCORECARD,Scorecard,स्कोरकार्ड,स्कोअरकार्ड,ஸ்கோர்கார்டு,స్కోర్‌కార్డ్,ಸ್ಕೋರ್‌ಕಾರ್ಡ್,স্কোরকার্ড,ਸਕੋਰਕਾਰਡ
CAREER_NEW,New career,नया करियर,नवीन करिअर,புதிய கேரியர்,కొత్త కెరీర్,ಹೊಸ ಕೆರಿಯರ್,নতুন কেরিয়ার,ਨਵਾਂ ਕਰੀਅਰ
CAREER_CONTINUE,Continue career,करियर जारी रखें,करिअर सुरू ठेवा,கேரியரைத் தொடர்,కెరీర్ కొనసాగించండి,ಕೆರಿಯರ್ ಮುಂದುವರಿಸಿ,কেরিয়ার চালিয়ে যান,ਕਰੀਅਰ ਜਾਰੀ ਰੱਖੋ
CAREER_DELETE,Start over,फिर से शुरू करें,पुन्हा सुरुवात,மீண்டும் தொடங்கு,మళ్లీ మొదలుపెట్టండి,ಮತ್ತೆ ಆರಂಭಿಸಿ,নতুন করে শুরু,ਮੁੜ ਸ਼ੁਰੂ ਕਰੋ
CREATE_PLAYER,Create your player,अपना खिलाड़ी बनाएं,तुमचा खेळाडू तयार करा,உங்கள் வீரரை உருவாக்குங்கள்,మీ ఆటగాడిని సృష్టించండి,ನಿಮ್ಮ ಆಟಗಾರನನ್ನು ರಚಿಸಿ,আপনার খেলোয়াড় তৈরি করুন,ਆਪਣਾ ਖਿਡਾਰੀ ਬਣਾਓ
NAME,Name,नाम,नाव,பெயர்,పేరు,ಹೆಸರು,নাম,ਨਾਂ
DEFAULT_PLAYER_NAME,Arjun Malik,अर्जुन मलिक,अर्जुन मलिक,அர்ஜுன் மாலிக்,అర్జున్ మాలిక్,ಅರ್ಜುನ್ ಮಲಿಕ್,অর্জুন মালিক,ਅਰਜੁਨ ਮਲਿਕ
HOME_STATE,Home state,गृह राज्य,मूळ राज्य,சொந்த மாநிலம்,సొంత రాష్ట్రం,ತವರು ರಾಜ್ಯ,নিজের রাজ্য,ਗ੍ਰਹਿ ਰਾਜ
ROLE,Role,रोल,भूमिका,பங்கு,పాత్ర,ಪಾತ್ರ,ভূমিকা,ਭੂਮਿਕਾ
ROLE_RAIDER,Raider,रेडर,रेडर,ரெய்டர்,రైడర్,ರೇಡರ್,রেইডার,ਰੇਡਰ
ROLE_DEFENDER,Defender,डिफेंडर,डिफेंडर,டிஃபெண்டர்,డిఫెండర్,ಡಿಫೆಂಡರ್,ডিফেন্ডার,ਡਿਫੈਂਡਰ
ROLE_ALLROUNDER,All-rounder,ऑलराउंडर,ऑलराउंडर,ஆல்ரவுண்டர்,ఆల్‌రౌండర్,ಆಲ್‌ರೌಂಡರ್,অলরাউন্ডার,ਆਲਰਾਊਂਡਰ
SKIN_TONE,Skin tone,त्वचा का रंग,त्वचेचा रंग,தோல் நிறம்,చర్మం రంగు,ಚರ್ಮದ ಬಣ್ಣ,গায়ের রং,ਚਮੜੀ ਦਾ ਰੰਗ
HAIR,Hair,बाल,केस,முடி,జుట్టు,ಕೂದಲು,চুল,ਵਾਲ
BUILD,Build,कद-काठी,शरीरयष्टी,உடல்வாகு,శరీర ఆకృతి,ಮೈಕಟ್ಟು,গড়ন,ਜੁੱਸਾ
BUILD_LEAN,Lean,दुबला,सडपातळ,ஒல்லி,సన్నగా,ತೆಳ್ಳಗೆ,ছিপছিপে,ਪਤਲਾ
BUILD_ATHLETIC,Athletic,एथलेटिक,ॲथलेटिक,அத்லெட்டிக்,అథ్లెటిక్,ಅಥ್ಲೆಟಿಕ್,অ্যাথলেটিক,ਅਥਲੈਟਿਕ
BUILD_POWER,Powerful,तगड़ा,दणकट,பலசாலி,బలిష్టంగా,ಬಲಿಷ್ಠ,বলিষ্ঠ,ਤਕੜਾ
ENTER_AUCTION,Enter the auction,ऑक्शन में उतरें,लिलावात उतरा,ஏலத்தில் இறங்கு,వేలంలోకి వెళ్లండి,ಹರಾಜಿಗೆ ಇಳಿಯಿರಿ,নিলামে নামুন,ਨਿਲਾਮੀ ਵਿੱਚ ਉਤਰੋ
AUCTION,Player Auction,प्लेयर ऑक्शन,खेळाडू लिलाव,வீரர் ஏலம்,ఆటగాళ్ల వేలం,ಆಟಗಾರರ ಹರಾಜು,খেলোয়াড় নিলাম,ਖਿਡਾਰੀ ਨਿਲਾਮੀ
AUCTION_SEASON,Season {n} auction,सीज़न {n} ऑक्शन,सीझन {n} लिलाव,சீசன் {n} ஏலம்,సీజన్ {n} వేలం,ಸೀಸನ್ {n} ಹರಾಜು,সিজন {n} নিলাম,ਸੀਜ਼ਨ {n} ਨਿਲਾਮੀ
BASE_PRICE,Base price,बेस प्राइस,बेस प्राइस,அடிப்படை விலை,బేస్ ధర,ಮೂಲ ಬೆಲೆ,বেস প্রাইস,ਬੇਸ ਪ੍ਰਾਈਸ
CURRENT_BID,Current bid,मौजूदा बोली,सध्याची बोली,தற்போதைய ஏலத்தொகை,ప్రస్తుత బిడ్,ಪ್ರಸ್ತುತ ಬಿಡ್,বর্তমান দর,ਮੌਜੂਦਾ ਬੋਲੀ
LEADING,Leading,सबसे आगे,आघाडीवर,முன்னிலை,ముందంజలో,ಮುಂಚೂಣಿಯಲ್ಲಿ,এগিয়ে,ਸਭ ਤੋਂ ਅੱਗੇ
SOLD_TO,Sold to {team},{team} ने खरीदा,{team} ने घेतले,{team} வாங்கியது,{team} కొనుగోలు చేసింది,{team} ಖರೀದಿಸಿತು,{team} কিনল,{team} ਨੇ ਖਰੀਦਿਆ
UNSOLD,Unsold,अनसोल्ड,अनसोल्ड,விற்கப்படவில்லை,అమ్ముడుపోలేదు,ಮಾರಾಟವಾಗಿಲ್ಲ,অবিক্রিত,ਅਣਵਿਕਿਆ
PURSE,Purse,पर्स,पर्स,பர்ஸ்,పర్స్,ಪರ್ಸ್,পার্স,ਪਰਸ
PURSE_LEFT,Purse left,बचा पर्स,उरलेली पर्स,மீதமுள்ள பர்ஸ்,మిగిలిన పర్స్,ಉಳಿದ ಪರ್ಸ್,বাকি পার্স,ਬਾਕੀ ਪਰਸ
CATEGORY,Category {c},कैटेगरी {c},श्रेणी {c},பிரிவு {c},కేటగిరీ {c},ವರ್ಗ {c},ক্যাটাগরি {c},ਕੈਟੇਗਰੀ {c}
ON_THE_BLOCK,On the block,बोली पर,बोलीवर,ஏலத்தில்,వేలంలో,ಹರಾಜಿನಲ್ಲಿ,নিলামে,ਬੋਲੀ 'ਤੇ
UP_NEXT,Up next,अगला,पुढचा,அடுத்தது,తర్వాత,ಮುಂದಿನದು,এরপর,ਅਗਲਾ
YOUR_LOT,Your lot,आपकी बारी,तुमची पाळी,உங்கள் முறை,మీ వంతు,ನಿಮ್ಮ ಸರದಿ,আপনার পালা,ਤੁਹਾਡੀ ਵਾਰੀ
YOU_SOLD,{team} bought you for {price},{team} ने आपको {price} में खरीदा,{team} ने तुम्हाला {price} ला घेतले,{team} உங்களை {price} தொகைக்கு வாங்கியது,{team} మిమ్మల్ని {price}కి కొనుగోలు చేసింది,{team} ನಿಮ್ಮನ್ನು {price}ಗೆ ಖರೀದಿಸಿತು,{team} আপনাকে {price}-তে কিনল,{team} ਨੇ ਤੁਹਾਨੂੰ {price} ਵਿੱਚ ਖਰੀਦਿਆ
YOU_UNSOLD,You went unsold. {team} sign you at base price.,आप अनसोल्ड रहे। {team} ने आपको बेस प्राइस पर साइन किया।,तुम्ही अनसोल्ड राहिलात. {team} ने तुम्हाला बेस प्राइसवर करारबद्ध केले.,நீங்கள் விற்கப்படவில்லை. {team} உங்களை அடிப்படை விலையில் ஒப்பந்தம் செய்தது.,మీరు అమ్ముడుపోలేదు. {team} మిమ్మల్ని బేస్ ధరకు సైన్ చేసింది.,ನೀವು ಮಾರಾಟವಾಗಲಿಲ್ಲ. {team} ನಿಮ್ಮನ್ನು ಮೂಲ ಬೆಲೆಗೆ ಸಹಿ ಮಾಡಿಸಿಕೊಂಡಿತು.,আপনি অবিক্রিত রইলেন। {team} আপনাকে বেস প্রাইসে সই করাল।,ਤੁਸੀਂ ਅਣਵਿਕੇ ਰਹੇ। {team} ਨੇ ਤੁਹਾਨੂੰ ਬੇਸ ਪ੍ਰਾਈਸ 'ਤੇ ਸਾਈਨ ਕੀਤਾ।
SKIP_TO_MY_LOT,Skip to my lot,मेरी बारी पर जाएं,माझ्या पाळीवर जा,என் முறைக்குச் செல்,నా వంతుకు వెళ్లు,ನನ್ನ ಸರದಿಗೆ ಹೋಗಿ,আমার পালায় যান,ਮੇਰੀ ਵਾਰੀ 'ਤੇ ਜਾਓ
FINISH_AUCTION,Finish auction,ऑक्शन खत्म करें,लिलाव पूर्ण करा,ஏலத்தை முடி,వేలం ముగించు,ಹರಾಜು ಮುಗಿಸಿ,নিলাম শেষ করুন,ਨਿਲਾਮੀ ਖ਼ਤਮ ਕਰੋ
LAKH,{n} L,{n} लाख,{n} लाख,{n} லட்சம்,{n} లక్షలు,{n} ಲಕ್ಷ,{n} লাখ,{n} ਲੱਖ
CRORE,{n} Cr,{n} करोड़,{n} कोटी,{n} கோடி,{n} కోట్లు,{n} ಕೋಟಿ,{n} কোটি,{n} ਕਰੋੜ
SQUAD,Squad,स्क्वॉड,स्क्वॉड,அணி வீரர்கள்,జట్టు సభ్యులు,ತಂಡದ ಸದಸ್ಯರು,স্কোয়াড,ਸਕੁਐਡ
SEASON,Season {n},सीज़न {n},सीझन {n},சீசன் {n},సీజన్ {n},ಸೀಸನ್ {n},সিজন {n},ਸੀਜ਼ਨ {n}
FIXTURES,Fixtures,फिक्स्चर,वेळापत्रक,போட்டி அட்டவணை,షెడ్యూల్,ವೇಳಾಪಟ್ಟಿ,সূচি,ਫਿਕਸਚਰ
TABLE,Table,पॉइंट्स टेबल,गुणतक्ता,புள்ளிப் பட்டியல்,పాయింట్ల పట్టిక,ಅಂಕಪಟ್ಟಿ,পয়েন্ট টেবিল,ਪੁਆਇੰਟ ਟੇਬਲ
COL_TEAM,Team,टीम,संघ,அணி,జట్టు,ತಂಡ,দল,ਟੀਮ
COL_P,P,मै,सा,போ,ఆ,ಪಂ,খে,ਮੈ
COL_W,W,जी,वि,வெ,గె,ಗೆ,জ,ਜਿ
COL_D,D,टा,ब,ச,టై,ಟೈ,ড্র,ਬ
COL_L,L,हा,प,தோ,ఓ,ಸೋ,হা,ਹਾ
COL_PD,+/-,+/-,+/-,+/-,+/-,+/-,+/-,+/-
COL_PTS,Pts,अंक,गुण,புள்ளி,పా,ಅಂಕ,পয়েন্ট,ਅੰਕ
MATCHDAY,Matchday {n},मैचडे {n},सामना दिवस {n},போட்டி நாள் {n},మ్యాచ్ డే {n},ಪಂದ್ಯದ ದಿನ {n},ম্যাচডে {n},ਮੈਚ ਡੇ {n}
PLAY_MATCH,Play match,मैच खेलें,सामना खेळा,போட்டியை ஆடு,మ్యాచ్ ఆడండి,ಪಂದ್ಯ ಆಡಿ,ম্যাচ খেলুন,ਮੈਚ ਖੇਡੋ
SIM_MATCH,Simulate,सिमुलेट करें,सिम्युलेट करा,சிமுலேட்,సిమ్యులేట్,ಸಿಮ್ಯುಲೇಟ್,সিমুলেট,ਸਿਮੂਲੇਟ
RESULT,Result,नतीजा,निकाल,முடிவு,ఫలితం,ಫಲಿತಾಂಶ,ফল,ਨਤੀਜਾ
TRAINING,Training,ट्रेनिंग,सराव,பயிற்சி,శిక్షణ,ತರಬೇತಿ,অনুশীলন,ਟ੍ਰੇਨਿੰਗ
ATTR_SPEED,Speed,रफ़्तार,वेग,வேகம்,వేగం,ವೇಗ,গতি,ਰਫ਼ਤਾਰ
ATTR_AGILITY,Agility,फुर्ती,चपळता,சுறுசுறுப்பு,చురుకుదనం,ಚುರುಕುತನ,ক্ষিপ্রতা,ਫੁਰਤੀ
ATTR_STRENGTH,Strength,ताकत,ताकद,வலிமை,బలం,ಬಲ,শক্তি,ਤਾਕਤ
ATTR_REACH,Reach,पहुँच,पोहोच,எட்டும் தூரம்,రీచ్,ರೀಚ್,নাগাল,ਪਹੁੰਚ
ATTR_TACKLE,Tackling,टैकलिंग,टॅकलिंग,டேக்கிளிங்,ట్యాకిలింగ్,ಟ್ಯಾಕ್ಲಿಂಗ್,ট্যাকলিং,ਟੈਕਲਿੰਗ
ATTR_STAMINA,Stamina,स्टैमिना,स्टॅमिना,ஸ்டாமினா,స్టామినా,ಸ್ಟ್ಯಾಮಿನಾ,স্ট্যামিনা,ਦਮ
SKILL_POINTS,Skill points: {n},स्किल पॉइंट्स: {n},स्किल पॉइंट्स: {n},திறன் புள்ளிகள்: {n},స్కిల్ పాయింట్లు: {n},ಸ್ಕಿಲ್ ಪಾಯಿಂಟ್ಸ್: {n},স্কিল পয়েন্ট: {n},ਸਕਿੱਲ ਪੁਆਇੰਟ: {n}
OVERALL,Overall,ओवरऑल,ओव्हरऑल,ஒட்டுமொத்தம்,ఓవరాల్,ಒಟ್ಟಾರೆ,সামগ্রিক,ਓਵਰਆਲ
PLAYOFFS,Playoffs,प्लेऑफ़,प्लेऑफ,பிளேஆஃப்,ప్లేఆఫ్స్,ಪ್ಲೇಆಫ್,প্লে-অফ,ਪਲੇਆਫ਼
SEMI_FINAL,Semi-final,सेमीफ़ाइनल,सेमीफायनल,அரையிறுதி,సెమీఫైనల్,ಸೆಮಿಫೈನಲ್,সেমিফাইনাল,ਸੈਮੀਫਾਈਨਲ
FINAL,Final,फ़ाइनल,फायनल,இறுதிப் போட்டி,ఫైనల్,ಫೈನಲ್,ফাইনাল,ਫਾਈਨਲ
CHAMPIONS,Champions!,चैंपियंस!,विजेते!,சாம்பியன்கள்!,ఛాంపియన్స్!,ಚಾಂಪಿಯನ್ಸ್!,চ্যাম্পিয়ন!,ਚੈਂਪੀਅਨ!
SEASON_OVER,Season over,सीज़न खत्म,सीझन संपला,சீசன் முடிந்தது,సీజన్ ముగిసింది,ಸೀಸನ್ ಮುಗಿಯಿತು,সিজন শেষ,ਸੀਜ਼ਨ ਖ਼ਤਮ
NEXT_SEASON,Next season,अगला सीज़न,पुढचा सीझन,அடுத்த சீசன்,తదుపరి సీజన్,ಮುಂದಿನ ಸೀಸನ್,পরের সিজন,ਅਗਲਾ ਸੀਜ਼ਨ
YOUR_SEASON,Your season,आपका सीज़न,तुमचा सीझन,உங்கள் சீசன்,మీ సీజన్,ನಿಮ್ಮ ಸೀಸನ್,আপনার সিজন,ਤੁਹਾਡਾ ਸੀਜ਼ਨ
MATCHES,Matches,मैच,सामने,போட்டிகள்,మ్యాచ్‌లు,ಪಂದ್ಯಗಳು,ম্যাচ,ਮੈਚ
XP_GAINED,+{n} skill points,+{n} स्किल पॉइंट्स,+{n} स्किल पॉइंट्स,+{n} திறன் புள்ளிகள்,+{n} స్కిల్ పాయింట్లు,+{n} ಸ್ಕಿಲ್ ಪಾಯಿಂಟ್ಸ್,+{n} স্কিল পয়েন্ট,+{n} ਸਕਿੱਲ ਪੁਆਇੰਟ
CONTRACT,Contract,कॉन्ट्रैक्ट,करार,ஒப்பந்தம்,కాంట్రాక్ట్,ಒಪ್ಪಂದ,চুক্তি,ਕੰਟਰੈਕਟ
VALUE,Market value,मार्केट वैल्यू,बाजारमूल्य,சந்தை மதிப்பு,మార్కెట్ విలువ,ಮಾರುಕಟ್ಟೆ ಮೌಲ್ಯ,বাজারদর,ਮਾਰਕੀਟ ਵੈਲਿਊ
MISSED_PLAYOFFS,Missed the playoffs,प्लेऑफ़ से चूके,प्लेऑफ हुकले,பிளேஆஃப் வாய்ப்பு நழுவியது,ప్లేఆఫ్స్ చేజారాయి,ಪ್ಲೇಆಫ್ ಕೈತಪ್ಪಿತು,প্লে-অফ হাতছাড়া,ਪਲੇਆਫ਼ ਤੋਂ ਖੁੰਝੇ
CAREER_HINT_RAIDER,You take your team's raids. On defence you play your own position.,टीम की रेड आप करेंगे। डिफेंस में आप अपनी पोज़ीशन पर खेलेंगे।,संघाच्या रेड तुम्ही कराल. बचावात तुम्ही तुमच्या जागेवर खेळाल.,அணியின் ரெய்டுகளை நீங்கள் செய்வீர்கள். தடுப்பில் உங்கள் இடத்தில் ஆடுவீர்கள்.,జట్టు రైడ్లు మీరే చేస్తారు. డిఫెన్స్‌లో మీ స్థానంలో ఆడతారు.,ತಂಡದ ರೇಡ್‌ಗಳನ್ನು ನೀವೇ ಮಾಡುತ್ತೀರಿ. ಡಿಫೆನ್ಸ್‌ನಲ್ಲಿ ನಿಮ್ಮ ಸ್ಥಾನದಲ್ಲಿ ಆಡುತ್ತೀರಿ.,দলের রেইড আপনিই করবেন। ডিফেন্সে নিজের পজিশনে খেলবেন।,ਟੀਮ ਦੀਆਂ ਰੇਡਾਂ ਤੁਸੀਂ ਪਾਓਗੇ। ਡਿਫੈਂਸ ਵਿੱਚ ਤੁਸੀਂ ਆਪਣੀ ਥਾਂ 'ਤੇ ਖੇਡੋਗੇ।
CAREER_HINT_DEFENDER,You anchor the defence. Your team's AI raiders take the raids.,डिफेंस की कमान आपके हाथ। टीम के AI रेडर रेड करेंगे।,बचावाची धुरा तुमच्याकडे. संघाचे AI रेडर रेड करतील.,தடுப்பின் தூண் நீங்கள். அணியின் AI ரெய்டர்கள் ரெய்டு செய்வார்கள்.,డిఫెన్స్‌కు మీరే మూలస్తంభం. జట్టు AI రైడర్లు రైడ్లు చేస్తారు.,ಡಿಫೆನ್ಸ್‌ನ ಆಧಾರಸ್ತಂಭ ನೀವು. ತಂಡದ AI ರೇಡರ್‌ಗಳು ರೇಡ್ ಮಾಡುತ್ತಾರೆ.,ডিফেন্সের ভরসা আপনি। দলের AI রেইডাররা রেইড করবে।,ਡਿਫੈਂਸ ਦੀ ਕਮਾਨ ਤੁਹਾਡੇ ਹੱਥ। ਟੀਮ ਦੇ AI ਰੇਡਰ ਰੇਡਾਂ ਪਾਉਣਗੇ।
CUP_PICK,Pick your country,अपना देश चुनें,तुमचा देश निवडा,உங்கள் நாட்டைத் தேர்வு செய்யுங்கள்,మీ దేశాన్ని ఎంచుకోండి,ನಿಮ್ಮ ದೇಶ ಆರಿಸಿ,আপনার দেশ বেছে নিন,ਆਪਣਾ ਦੇਸ਼ ਚੁਣੋ
GROUP,Group {g},ग्रुप {g},गट {g},குழு {g},గ్రూప్ {g},ಗುಂಪು {g},গ্রুপ {g},ਗਰੁੱਪ {g}
GROUP_STAGE,Group stage,ग्रुप स्टेज,गट फेरी,குழுச் சுற்று,గ్రూప్ దశ,ಗುಂಪು ಹಂತ,গ্রুপ পর্ব,ਗਰੁੱਪ ਗੇੜ
KNOCKOUTS,Knockouts,नॉकआउट,नॉकआउट,நாக்அவுட்,నాకౌట్స్,ನಾಕೌಟ್,নকআউট,ਨਾਕਆਊਟ
ELIMINATED,Knocked out,बाहर हो गए,बाद झालात,வெளியேற்றப்பட்டது,నిష్క్రమించారు,ಹೊರಬಿದ್ದಿರಿ,ছিটকে গেছেন,ਬਾਹਰ ਹੋ ਗਏ
CUP_WINNER,{team} win the Nations Cup!,{team} ने नेशंस कप जीता!,{team} ने नेशन्स कप जिंकला!,{team} நேஷன்ஸ் கோப்பையை வென்றது!,{team} నేషన్స్ కప్ గెలిచింది!,{team} ನೇಷನ್ಸ್ ಕಪ್ ಗೆದ್ದಿತು!,{team} নেশনস কাপ জিতল!,{team} ਨੇ ਨੇਸ਼ਨਜ਼ ਕੱਪ ਜਿੱਤਿਆ!
CUP_RESTART,New tournament,नया टूर्नामेंट,नवी स्पर्धा,புதிய தொடர்,కొత్త టోర్నమెంట్,ಹೊಸ ಟೂರ್ನಮೆಂಟ್,নতুন টুর্নামেন্ট,ਨਵਾਂ ਟੂਰਨਾਮੈਂਟ
QUALIFY_NOTE,Top two in each group reach the semi-finals.,हर ग्रुप की टॉप दो टीमें सेमीफ़ाइनल में पहुँचेंगी।,प्रत्येक गटातील पहिले दोन संघ सेमीफायनलमध्ये जातील.,ஒவ்வொரு குழுவிலும் முதல் இரண்டு அணிகள் அரையிறுதிக்குச் செல்லும்.,ప్రతి గ్రూప్‌లో టాప్ రెండు జట్లు సెమీఫైనల్స్‌కు చేరతాయి.,ಪ್ರತಿ ಗುಂಪಿನ ಅಗ್ರ ಎರಡು ತಂಡಗಳು ಸೆಮಿಫೈನಲ್ ತಲುಪುತ್ತವೆ.,প্রতি গ্রুপের সেরা দুই দল সেমিফাইনালে যাবে।,ਹਰ ਗਰੁੱਪ ਦੀਆਂ ਸਿਖਰਲੀਆਂ ਦੋ ਟੀਮਾਂ ਸੈਮੀਫਾਈਨਲ ਵਿੱਚ ਪਹੁੰਚਣਗੀਆਂ।
HOW_TITLE,How to play,कैसे खेलें,कसे खेळायचे,எப்படி விளையாடுவது,ఎలా ఆడాలి,ಆಡುವುದು ಹೇಗೆ,কীভাবে খেলবেন,ਕਿਵੇਂ ਖੇਡਣਾ ਹੈ
HOW_RAID,"Raiding: run into their half, cross the baulk line and touch defenders with a hand or toe touch. Get back over the midline before the 30-second raid clock ends. Every defender you touched is out.","रेडिंग: विरोधी के हाफ में जाएँ, बॉल्क लाइन पार करें और हैंड टच या टो टच से डिफेंडरों को छुएँ। 30 सेकंड की रेड क्लॉक खत्म होने से पहले मिडलाइन पार करके लौटें। जिन डिफेंडरों को आपने छुआ, वे सब आउट।","रेडिंग: प्रतिस्पर्ध्यांच्या हाफमध्ये धावा, बॉल्क लाइन ओलांडा आणि हँड टच किंवा टो टचने डिफेंडर्सना टच करा. 30 सेकंदांचे रेड क्लॉक संपण्याआधी मिडलाइन ओलांडून परत या. तुम्ही टच केलेला प्रत्येक डिफेंडर आउट.","ரெய்டு: எதிரணியின் பகுதிக்குள் ஓடி, பால்க் லைனைக் கடந்து, ஹேண்ட் டச் அல்லது டோ டச் மூலம் டிஃபெண்டர்களைத் தொடுங்கள். 30 வினாடி ரெய்டு நேரம் முடிவதற்குள் மிட்லைனைத் தாண்டித் திரும்புங்கள். நீங்கள் தொட்ட ஒவ்வொரு டிஃபெண்டரும் அவுட்.","రైడింగ్: ప్రత్యర్థి హాఫ్‌లోకి పరుగెత్తి, బాల్క్ లైన్ దాటి, హ్యాండ్ టచ్ లేదా టో టచ్‌తో డిఫెండర్లను తాకండి. 30 సెకన్ల రైడ్ క్లాక్ ముగిసేలోపు మిడ్‌లైన్ దాటి వెనక్కి రండి. మీరు తాకిన ప్రతి డిఫెండర్ అవుట్.","ರೇಡಿಂಗ್: ಎದುರಾಳಿಯ ಅಂಕಣಕ್ಕೆ ಓಡಿ, ಬಾಲ್ಕ್ ಲೈನ್ ದಾಟಿ, ಹ್ಯಾಂಡ್ ಟಚ್ ಅಥವಾ ಟೋ ಟಚ್ ಮೂಲಕ ಡಿಫೆಂಡರ್‌ಗಳನ್ನು ಮುಟ್ಟಿ. 30 ಸೆಕೆಂಡ್ ರೇಡ್ ಕ್ಲಾಕ್ ಮುಗಿಯುವ ಮೊದಲು ಮಿಡ್‌ಲೈನ್ ದಾಟಿ ವಾಪಸ್ ಬನ್ನಿ. ನೀವು ಮುಟ್ಟಿದ ಪ್ರತಿಯೊಬ್ಬ ಡಿಫೆಂಡರ್ ಔಟ್.","রেইডিং: প্রতিপক্ষের কোর্টে ঢুকে বল্ক লাইন পেরোন, হ্যান্ড টাচ বা টো টাচে ডিফেন্ডারদের ছুঁয়ে দিন। 30 সেকেন্ডের রেইড ক্লক শেষ হওয়ার আগে মিডলাইন পেরিয়ে ফিরে আসুন। যাদের ছুঁয়েছেন, সেই সব ডিফেন্ডার আউট।","ਰੇਡਿੰਗ: ਵਿਰੋਧੀ ਦੇ ਪਾਲੇ ਵਿੱਚ ਜਾਓ, ਬੌਲਕ ਲਾਈਨ ਪਾਰ ਕਰੋ ਅਤੇ ਹੈਂਡ ਟੱਚ ਜਾਂ ਟੋ ਟੱਚ ਨਾਲ ਡਿਫੈਂਡਰਾਂ ਨੂੰ ਛੂਹੋ। 30 ਸਕਿੰਟ ਦੀ ਰੇਡ ਕਲਾਕ ਮੁੱਕਣ ਤੋਂ ਪਹਿਲਾਂ ਮਿਡਲਾਈਨ ਪਾਰ ਕਰਕੇ ਮੁੜੋ। ਜਿਨ੍ਹਾਂ ਡਿਫੈਂਡਰਾਂ ਨੂੰ ਤੁਸੀਂ ਛੂਹਿਆ, ਉਹ ਸਾਰੇ ਆਊਟ।"
HOW_DEFEND,Defending: move your highlighted defender and press Tackle when the raider is close. Teammates join in for a chain tackle. Stop the raider reaching the midline.,डिफेंडिंग: हाइलाइट किए गए डिफेंडर को चलाएँ और रेडर पास आते ही टैकल दबाएँ। साथी खिलाड़ी चेन टैकल में जुड़ेंगे। रेडर को मिडलाइन तक न पहुँचने दें।,डिफेंडिंग: हायलाइट केलेला डिफेंडर हलवा आणि रेडर जवळ आला की टॅकल दाबा. सहकारी चेन टॅकलसाठी साथ देतील. रेडरला मिडलाइनपर्यंत पोहोचू देऊ नका.,"தடுப்பு: ஒளிரும் டிஃபெண்டரை நகர்த்தி, ரெய்டர் அருகில் வந்ததும் டேக்கிள் அழுத்துங்கள். சக வீரர்கள் செயின் டேக்கிளுக்கு இணைவார்கள். ரெய்டர் மிட்லைனை அடையாமல் தடுங்கள்.","డిఫెండింగ్: హైలైట్ అయిన డిఫెండర్‌ను కదిలించి, రైడర్ దగ్గరికి రాగానే ట్యాకిల్ నొక్కండి. సహచరులు చైన్ ట్యాకిల్‌కు కలుస్తారు. రైడర్ మిడ్‌లైన్ చేరకుండా ఆపండి.","ಡಿಫೆಂಡಿಂಗ್: ಹೈಲೈಟ್ ಆದ ಡಿಫೆಂಡರ್ ಅನ್ನು ಚಲಿಸಿ, ರೇಡರ್ ಹತ್ತಿರ ಬಂದಾಗ ಟ್ಯಾಕಲ್ ಒತ್ತಿ. ಸಹ ಆಟಗಾರರು ಚೈನ್ ಟ್ಯಾಕಲ್‌ಗೆ ಜೊತೆಯಾಗುತ್ತಾರೆ. ರೇಡರ್ ಮಿಡ್‌ಲೈನ್ ತಲುಪದಂತೆ ತಡೆಯಿರಿ.","ডিফেন্ডিং: হাইলাইট করা ডিফেন্ডারকে সরান, রেইডার কাছে এলেই ট্যাকল চাপুন। সতীর্থরা চেইন ট্যাকলে যোগ দেবে। রেইডারকে মিডলাইনে পৌঁছাতে দেবেন না।",ਡਿਫੈਂਡਿੰਗ: ਹਾਈਲਾਈਟ ਕੀਤੇ ਡਿਫੈਂਡਰ ਨੂੰ ਚਲਾਓ ਅਤੇ ਰੇਡਰ ਨੇੜੇ ਆਉਂਦੇ ਹੀ ਟੈਕਲ ਦਬਾਓ। ਸਾਥੀ ਚੇਨ ਟੈਕਲ ਲਈ ਨਾਲ ਆਉਣਗੇ। ਰੇਡਰ ਨੂੰ ਮਿਡਲਾਈਨ ਤੱਕ ਨਾ ਪਹੁੰਚਣ ਦਿਓ।
HOW_BONUS,Bonus: cross the bonus line while six or more defenders are on the mat for an extra point.,"बोनस: जब मैट पर छह या ज़्यादा डिफेंडर हों, तब बोनस लाइन पार करें और एक एक्स्ट्रा पॉइंट पाएँ।",बोनस: मॅटवर सहा किंवा जास्त डिफेंडर असताना बोनस लाइन ओलांडा आणि एक जादा पॉइंट मिळवा.,போனஸ்: களத்தில் ஆறு அல்லது அதற்கு மேற்பட்ட டிஃபெண்டர்கள் இருக்கும்போது போனஸ் லைனைக் கடந்தால் ஒரு கூடுதல் புள்ளி.,బోనస్: మ్యాట్ మీద ఆరుగురు లేదా అంతకంటే ఎక్కువ డిఫెండర్లు ఉన్నప్పుడు బోనస్ లైన్ దాటితే ఒక అదనపు పాయింట్.,ಬೋನಸ್: ಮ್ಯಾಟ್ ಮೇಲೆ ಆರು ಅಥವಾ ಹೆಚ್ಚು ಡಿಫೆಂಡರ್‌ಗಳಿದ್ದಾಗ ಬೋನಸ್ ಲೈನ್ ದಾಟಿದರೆ ಒಂದು ಹೆಚ್ಚುವರಿ ಪಾಯಿಂಟ್.,বোনাস: ম্যাটে ছয় বা তার বেশি ডিফেন্ডার থাকলে বোনাস লাইন পেরোলেই একটি বাড়তি পয়েন্ট।,"ਬੋਨਸ: ਜਦੋਂ ਮੈਟ 'ਤੇ ਛੇ ਜਾਂ ਵੱਧ ਡਿਫੈਂਡਰ ਹੋਣ, ਬੋਨਸ ਲਾਈਨ ਪਾਰ ਕਰੋ ਤੇ ਇੱਕ ਵਾਧੂ ਪੁਆਇੰਟ ਲਓ।"
HOW_DOD,"Do or die: after two empty raids in a row, the next raid must score or the raider is out.","डू-ऑर-डाई: लगातार दो खाली रेड के बाद अगली रेड में पॉइंट लेना ज़रूरी है, वरना रेडर आउट।","डू-ऑर-डाय: सलग दोन रिकाम्या रेडनंतर पुढच्या रेडमध्ये पॉइंट मिळवावाच लागतो, नाहीतर रेडर आउट.","டூ ஆர் டை: தொடர்ந்து இரண்டு வெற்று ரெய்டுகளுக்குப் பிறகு, அடுத்த ரெய்டில் புள்ளி எடுத்தே ஆக வேண்டும், இல்லையெனில் ரெய்டர் அவுட்.","డూ ఆర్ డై: వరుసగా రెండు ఖాళీ రైడ్ల తర్వాత, తదుపరి రైడ్‌లో పాయింట్ సాధించాల్సిందే, లేదంటే రైడర్ అవుట్.","ಡೂ ಆರ್ ಡೈ: ಸತತ ಎರಡು ಖಾಲಿ ರೇಡ್‌ಗಳ ನಂತರ, ಮುಂದಿನ ರೇಡ್‌ನಲ್ಲಿ ಪಾಯಿಂಟ್ ಗಳಿಸಲೇಬೇಕು, ಇಲ್ಲದಿದ್ದರೆ ರೇಡರ್ ಔಟ್.","ডু-অর-ডাই: পরপর দুটি খালি রেইডের পর পরের রেইডে পয়েন্ট আনতেই হবে, নইলে রেইডার আউট।","ਡੂ-ਔਰ-ਡਾਈ: ਲਗਾਤਾਰ ਦੋ ਖ਼ਾਲੀ ਰੇਡਾਂ ਤੋਂ ਬਾਅਦ ਅਗਲੀ ਰੇਡ ਵਿੱਚ ਪੁਆਇੰਟ ਲੈਣਾ ਜ਼ਰੂਰੀ ਹੈ, ਨਹੀਂ ਤਾਂ ਰੇਡਰ ਆਊਟ।"
HOW_ALLOUT,All out: put the whole opposing team out for two extra points. They all come back.,ऑल आउट: विरोधी की पूरी टीम को आउट करें और दो एक्स्ट्रा पॉइंट पाएँ। उनके सभी खिलाड़ी वापस आ जाते हैं।,ऑल आउट: प्रतिस्पर्धी संघातील सगळ्यांना आउट करा आणि दोन जादा पॉइंट्स मिळवा. त्यांचे सगळे खेळाडू परत येतात.,ஆல் அவுட்: எதிரணி முழுவதையும் அவுட் செய்தால் இரண்டு கூடுதல் புள்ளிகள். அவர்கள் அனைவரும் மீண்டும் களமிறங்குவார்கள்.,ఆల్ అవుట్: ప్రత్యర్థి జట్టు మొత్తాన్ని అవుట్ చేస్తే రెండు అదనపు పాయింట్లు. వాళ్లంతా తిరిగి వస్తారు.,ಆಲ್ ಔಟ್: ಎದುರಾಳಿ ತಂಡದ ಎಲ್ಲರನ್ನೂ ಔಟ್ ಮಾಡಿದರೆ ಎರಡು ಹೆಚ್ಚುವರಿ ಪಾಯಿಂಟ್. ಅವರೆಲ್ಲರೂ ಮತ್ತೆ ಅಂಕಣಕ್ಕೆ ಬರುತ್ತಾರೆ.,অল আউট: প্রতিপক্ষের পুরো দলকে আউট করলে দুটি বাড়তি পয়েন্ট। তারপর ওদের সবাই আবার কোর্টে ফেরে।,ਆਲ ਆਊਟ: ਵਿਰੋਧੀ ਦੀ ਪੂਰੀ ਟੀਮ ਨੂੰ ਆਊਟ ਕਰੋ ਤੇ ਦੋ ਵਾਧੂ ਪੁਆਇੰਟ ਲਓ। ਉਹਨਾਂ ਦੇ ਸਾਰੇ ਖਿਡਾਰੀ ਵਾਪਸ ਆ ਜਾਂਦੇ ਹਨ।
HOW_REVIVE,"Revival: each point you score brings one of your out players back, in the order they went out.","रिवाइवल: आपका हर पॉइंट आपके एक आउट खिलाड़ी को वापस लाता है, उसी क्रम में जिसमें वे आउट हुए थे।","रिव्हायव्हल: तुम्ही मिळवलेला प्रत्येक पॉइंट तुमचा एक आउट खेळाडू परत आणतो, ते ज्या क्रमाने आउट झाले त्याच क्रमाने.","ரிவைவல்: நீங்கள் எடுக்கும் ஒவ்வொரு புள்ளியும், அவுட்டான உங்கள் வீரர் ஒருவரை அவர்கள் அவுட்டான வரிசைப்படி மீண்டும் களத்துக்குக் கொண்டுவரும்.","రివైవల్: మీరు సాధించే ప్రతి పాయింట్, అవుట్ అయిన మీ ఆటగాళ్లలో ఒకరిని వారు అవుట్ అయిన క్రమంలోనే తిరిగి తెస్తుంది.","ರಿವೈವಲ್: ನೀವು ಗಳಿಸುವ ಪ್ರತಿ ಪಾಯಿಂಟ್, ಔಟ್ ಆದ ನಿಮ್ಮ ಒಬ್ಬ ಆಟಗಾರನನ್ನು, ಅವರು ಔಟ್ ಆದ ಕ್ರಮದಲ್ಲೇ ವಾಪಸ್ ತರುತ್ತದೆ.","রিভাইভাল: আপনার প্রতিটি পয়েন্ট আপনার একজন আউট হওয়া খেলোয়াড়কে ফিরিয়ে আনে, যে ক্রমে তারা আউট হয়েছিল সেই ক্রমেই।","ਰਿਵਾਈਵਲ: ਤੁਹਾਡਾ ਹਰ ਪੁਆਇੰਟ ਤੁਹਾਡੇ ਇੱਕ ਆਊਟ ਖਿਡਾਰੀ ਨੂੰ ਵਾਪਸ ਲਿਆਉਂਦਾ ਹੈ, ਉਸੇ ਤਰਤੀਬ ਵਿੱਚ ਜਿਸ ਵਿੱਚ ਉਹ ਆਊਟ ਹੋਏ ਸਨ।"
HOW_CONTROLS,"Controls: left stick to move, drag the screen to look around, buttons on the right for actions.","कंट्रोल्स: चलने के लिए लेफ्ट स्टिक, चारों ओर देखने के लिए स्क्रीन ड्रैग करें, एक्शन के लिए दाईं ओर के बटन।","कंट्रोल्स: हालचालीसाठी डावी स्टिक, आजूबाजूला पाहण्यासाठी स्क्रीन ड्रॅग करा, ॲक्शनसाठी उजवीकडील बटणे.","கட்டுப்பாடுகள்: நகர இடது ஸ்டிக், சுற்றிப் பார்க்க திரையை இழுக்கவும், செயல்களுக்கு வலதுபுற பட்டன்கள்.","కంట్రోల్స్: కదలడానికి ఎడమ స్టిక్, చుట్టూ చూడటానికి స్క్రీన్ డ్రాగ్ చేయండి, యాక్షన్లకు కుడివైపు బటన్లు.","ಕಂಟ್ರೋಲ್ಸ್: ಚಲಿಸಲು ಎಡ ಸ್ಟಿಕ್, ಸುತ್ತ ನೋಡಲು ಸ್ಕ್ರೀನ್ ಡ್ರ್ಯಾಗ್ ಮಾಡಿ, ಆಕ್ಷನ್‌ಗಳಿಗೆ ಬಲಭಾಗದ ಬಟನ್‌ಗಳು.","কন্ট্রোল: চলার জন্য বাঁ দিকের স্টিক, চারপাশ দেখতে স্ক্রিন টানুন, অ্যাকশনের জন্য ডান দিকের বোতাম।","ਕੰਟਰੋਲ: ਚੱਲਣ ਲਈ ਖੱਬੀ ਸਟਿੱਕ, ਆਲੇ-ਦੁਆਲੇ ਦੇਖਣ ਲਈ ਸਕਰੀਨ ਡਰੈਗ ਕਰੋ, ਐਕਸ਼ਨ ਲਈ ਸੱਜੇ ਪਾਸੇ ਦੇ ਬਟਨ।"
ARENA_DOME,Mumbai Dome,मुंबई डोम,मुंबई डोम,மும்பை டோம்,ముంబై డోమ్,ಮುಂಬೈ ಡೋಮ್,মুম্বই ডোম,ਮੁੰਬਈ ਡੋਮ
ARENA_DOME_DESC,"Indoor pro arena. Blue mat, big lights, loud crowd.","इनडोर प्रो एरीना। नीला मैट, तेज़ लाइटें, ज़ोरदार भीड़।","इनडोअर प्रो एरिना. निळी मॅट, मोठे दिवे, जल्लोषी प्रेक्षक.","உள்ளரங்க ப்ரோ அரங்கம். நீல மேட், பெரிய விளக்குகள், ஆரவாரக் கூட்டம்.","ఇండోర్ ప్రో అరీనా. నీలం మ్యాట్, భారీ లైట్లు, హోరెత్తే ప్రేక్షకులు.","ಒಳಾಂಗಣ ಪ್ರೊ ಅರೀನಾ. ನೀಲಿ ಮ್ಯಾಟ್, ದೊಡ್ಡ ದೀಪಗಳು, ಅಬ್ಬರದ ಪ್ರೇಕ್ಷಕರು.","ইনডোর প্রো এরিনা। নীল ম্যাট, জোরালো আলো, উত্তাল দর্শক।","ਇਨਡੋਰ ਪ੍ਰੋ ਅਰੀਨਾ। ਨੀਲਾ ਮੈਟ, ਵੱਡੀਆਂ ਲਾਈਟਾਂ, ਜੋਸ਼ੀਲੀ ਭੀੜ।"
ARENA_VILLAGE,Gaon Maidan,गाँव मैदान,गाव मैदान,கிராம மைதானம்,పల్లె మైదానం,ಹಳ್ಳಿ ಮೈದಾನ,গাঁয়ের মাঠ,ਪਿੰਡ ਦਾ ਮੈਦਾਨ
ARENA_VILLAGE_DESC,Mud court on the village ground at golden hour.,ढलती सुनहरी धूप में गाँव के मैदान पर मिट्टी का कोर्ट।,संध्याकाळच्या सोनेरी उन्हात गावच्या मैदानावरचे मातीचे कोर्ट.,மாலைப் பொன்னொளியில் கிராம மைதானத்தில் மண் களம்.,సాయంత్రం బంగారు వెలుగులో పల్లె మైదానంలో మట్టి కోర్టు.,ಸಂಜೆಯ ಹೊಂಬೆಳಕಿನಲ್ಲಿ ಹಳ್ಳಿ ಮೈದಾನದ ಮಣ್ಣಿನ ಅಂಕಣ.,পড়ন্ত বিকেলের সোনালি আলোয় গ্রামের মাঠে মাটির কোর্ট।,ਢਲਦੀ ਸੁਨਹਿਰੀ ਧੁੱਪ ਵਿੱਚ ਪਿੰਡ ਦੇ ਮੈਦਾਨ 'ਤੇ ਮਿੱਟੀ ਦਾ ਕੋਰਟ।
ARENA_STADIUM,National Stadium,नेशनल स्टेडियम,नॅशनल स्टेडियम,நேஷனல் ஸ்டேடியம்,నేషనల్ స్టేడియం,ನ್ಯಾಷನಲ್ ಸ್ಟೇಡಿಯಂ,ন্যাশনাল স্টেডিয়াম,ਨੈਸ਼ਨਲ ਸਟੇਡੀਅਮ
ARENA_STADIUM_DESC,"Floodlit international stadium, made for big nights.","फ्लडलाइट से जगमगाता इंटरनेशनल स्टेडियम, बड़े मुकाबलों के लिए।","फ्लडलाइट्सनी उजळलेले आंतरराष्ट्रीय स्टेडियम, मोठ्या सामन्यांसाठी.","ஃப்ளட்லைட் ஒளிரும் சர்வதேச ஸ்டேடியம், பெரிய இரவுகளுக்காக.","ఫ్లడ్‌లైట్ల వెలుగులో అంతర్జాతీయ స్టేడియం, పెద్ద మ్యాచ్‌ల కోసం.","ಫ್ಲಡ್‌ಲೈಟ್ ಬೆಳಕಿನ ಅಂತರರಾಷ್ಟ್ರೀಯ ಸ್ಟೇಡಿಯಂ, ದೊಡ್ಡ ಪಂದ್ಯಗಳಿಗಾಗಿ.","ফ্লাডলাইটে ঝলমলে আন্তর্জাতিক স্টেডিয়াম, বড় ম্যাচের রাতের জন্য।","ਫਲੱਡਲਾਈਟਾਂ ਵਾਲਾ ਕੌਮਾਂਤਰੀ ਸਟੇਡੀਅਮ, ਵੱਡੇ ਮੁਕਾਬਲਿਆਂ ਲਈ।"
ARENA_MONSOON,Monsoon Ground,मानसून ग्राउंड,मान्सून ग्राउंड,மழைக்கால மைதானம்,వర్షాకాల మైదానం,ಮಳೆಗಾಲದ ಮೈದಾನ,বর্ষার মাঠ,ਮਾਨਸੂਨ ਗਰਾਊਂਡ
ARENA_MONSOON_DESC,Wet mat under monsoon rain in Kochi.,कोच्चि की मानसूनी बारिश में भीगा मैट।,कोचीच्या पावसाळी सरींखाली ओली मॅट.,கொச்சியின் பருவமழையில் நனைந்த மேட்.,కొచ్చిలో రుతుపవన వర్షంలో తడిసిన మ్యాట్.,ಕೊಚ್ಚಿಯ ಮುಂಗಾರು ಮಳೆಯಲ್ಲಿ ಒದ್ದೆ ಮ್ಯಾಟ್.,কোচির বর্ষার বৃষ্টিতে ভেজা ম্যাট।,ਕੋਚੀ ਦੀ ਮਾਨਸੂਨੀ ਬਾਰਿਸ਼ ਵਿੱਚ ਗਿੱਲਾ ਮੈਟ।
ARENA_BEACH,Puri Beach,पुरी बीच,पुरी बीच,பூரி கடற்கரை,పూరీ బీచ్,ಪುರಿ ಬೀಚ್,পুরী সৈকত,ਪੁਰੀ ਬੀਚ
ARENA_BEACH_DESC,Sand court by the sea. Beach kabaddi rules.,समंदर किनारे रेत का कोर्ट। बीच कबड्डी के नियम।,समुद्रकिनारी वाळूचे कोर्ट. बीच कबड्डीचे नियम.,கடலோர மணல் களம். பீச் கபடி விதிகள்.,సముద్రం పక్కన ఇసుక కోర్టు. బీచ్ కబడ్డీ నియమాలు.,ಸಮುದ್ರ ತೀರದ ಮರಳಿನ ಅಂಕಣ. ಬೀಚ್ ಕಬಡ್ಡಿ ನಿಯಮಗಳು.,সমুদ্রের ধারে বালির কোর্ট। বিচ কাবাডির নিয়ম।,ਸਮੁੰਦਰ ਕੰਢੇ ਰੇਤ ਦਾ ਕੋਰਟ। ਬੀਚ ਕਬੱਡੀ ਦੇ ਨਿਯਮ।
STATE_HARYANA,Haryana,हरियाणा,हरियाणा,ஹரியானா,హర్యానా,ಹರಿಯಾಣ,হরিয়ানা,ਹਰਿਆਣਾ
STATE_PUNJAB,Punjab,पंजाब,पंजाब,பஞ்சாப்,పంజాబ్,ಪಂಜಾಬ್,পাঞ্জাব,ਪੰਜਾਬ
STATE_MAHARASHTRA,Maharashtra,महाराष्ट्र,महाराष्ट्र,மகாராஷ்டிரா,మహారాష్ట్ర,ಮಹಾರಾಷ್ಟ್ರ,মহারাষ্ট্র,ਮਹਾਰਾਸ਼ਟਰ
STATE_TAMIL_NADU,Tamil Nadu,तमिलनाडु,तमिळनाडू,தமிழ்நாடு,తమిళనాడు,ತಮಿಳುನಾಡು,তামিলনাড়ু,ਤਾਮਿਲਨਾਡੂ
STATE_KARNATAKA,Karnataka,कर्नाटक,कर्नाटक,கர்நாடகா,కర్ణాటక,ಕರ್ನಾಟಕ,কর্ণাটক,ਕਰਨਾਟਕ
STATE_TELANGANA,Telangana,तेलंगाना,तेलंगणा,தெலங்கானா,తెలంగాణ,ತೆಲಂಗಾಣ,তেলেঙ্গানা,ਤੇਲੰਗਾਨਾ
STATE_ANDHRA,Andhra Pradesh,आंध्र प्रदेश,आंध्र प्रदेश,ஆந்திரப் பிரதேசம்,ఆంధ్రప్రదేశ్,ಆಂಧ್ರಪ್ರದೇಶ,অন্ধ্রপ্রদেশ,ਆਂਧਰਾ ਪ੍ਰਦੇਸ਼
STATE_BENGAL,West Bengal,पश्चिम बंगाल,पश्चिम बंगाल,மேற்கு வங்கம்,పశ్చిమ బెంగాల్,ಪಶ್ಚಿಮ ಬಂಗಾಳ,পশ্চিমবঙ্গ,ਪੱਛਮੀ ਬੰਗਾਲ
STATE_UP,Uttar Pradesh,उत्तर प्रदेश,उत्तर प्रदेश,உத்தரப் பிரதேசம்,ఉత్తరప్రదేశ్,ಉತ್ತರ ಪ್ರದೇಶ,উত্তরপ্রদেশ,ਉੱਤਰ ਪ੍ਰਦੇਸ਼
STATE_BIHAR,Bihar,बिहार,बिहार,பீகார்,బిహార్,ಬಿಹಾರ,বিহার,ਬਿਹਾਰ
STATE_RAJASTHAN,Rajasthan,राजस्थान,राजस्थान,ராஜஸ்தான்,రాజస్థాన్,ರಾಜಸ್ಥಾನ,রাজস্থান,ਰਾਜਸਥਾਨ
STATE_KERALA,Kerala,केरल,केरळ,கேரளா,కేరళ,ಕೇರಳ,কেরল,ਕੇਰਲ
STATE_GUJARAT,Gujarat,गुजरात,गुजरात,குஜராத்,గుజరాత్,ಗುಜರಾತ್,গুজরাত,ਗੁਜਰਾਤ
STATE_DELHI,Delhi,दिल्ली,दिल्ली,டெல்லி,ఢిల్లీ,ದೆಹಲಿ,দিল্লি,ਦਿੱਲੀ
STATE_HIMACHAL,Himachal Pradesh,हिमाचल प्रदेश,हिमाचल प्रदेश,ஹிமாச்சலப் பிரதேசம்,హిమాచల్ ప్రదేశ్,ಹಿಮಾಚಲ ಪ್ರದೇಶ,হিমাচল প্রদেশ,ਹਿਮਾਚਲ ਪ੍ਰਦੇਸ਼
STATE_ODISHA,Odisha,ओडिशा,ओडिशा,ஒடிசா,ఒడిశా,ಒಡಿಶಾ,ওড়িশা,ਓਡੀਸ਼ਾ
COUNTRY_IND,India,भारत,भारत,இந்தியா,భారత్,ಭಾರತ,ভারত,ਭਾਰਤ
COUNTRY_IRN,Iran,ईरान,इराण,ஈரான்,ఇరాన్,ಇರಾನ್,ইরান,ਈਰਾਨ
COUNTRY_KOR,South Korea,दक्षिण कोरिया,दक्षिण कोरिया,தென் கொரியா,దక్షిణ కొరియా,ದಕ್ಷಿಣ ಕೊರಿಯಾ,দক্ষিণ কোরিয়া,ਦੱਖਣੀ ਕੋਰੀਆ
COUNTRY_BAN,Bangladesh,बांग्लादेश,बांगलादेश,வங்கதேசம்,బంగ్లాదేశ్,ಬಾಂಗ್ಲಾದೇಶ,বাংলাদেশ,ਬੰਗਲਾਦੇਸ਼
COUNTRY_PAK,Pakistan,पाकिस्तान,पाकिस्तान,பாகிஸ்தான்,పాకిస్తాన్,ಪಾಕಿಸ್ತಾನ,পাকিস্তান,ਪਾਕਿਸਤਾਨ
COUNTRY_KEN,Kenya,केन्या,केनिया,கென்யா,కెన్యా,ಕೀನ್ಯಾ,কেনিয়া,ਕੀਨੀਆ
COUNTRY_JPN,Japan,जापान,जपान,ஜப்பான்,జపాన్,ಜಪಾನ್,জাপান,ਜਪਾਨ
COUNTRY_ARG,Argentina,अर्जेंटीना,अर्जेंटिना,அர்ஜென்டினா,అర్జెంటీనా,ಅರ್ಜೆಂಟೀನಾ,আর্জেন্টিনা,ਅਰਜਨਟੀਨਾ
COUNTRY_NEP,Nepal,नेपाल,नेपाळ,நேபாளம்,నేపాల్,ನೇಪಾಳ,নেপাল,ਨੇਪਾਲ
COUNTRY_SRI,Sri Lanka,श्रीलंका,श्रीलंका,இலங்கை,శ్రీలంక,ಶ್ರೀಲಂಕಾ,শ্রীলঙ্কা,ਸ੍ਰੀਲੰਕਾ
COUNTRY_THA,Thailand,थाईलैंड,थायलंड,தாய்லாந்து,థాయ్‌లాండ్,ಥಾಯ್ಲೆಂಡ್,থাইল্যান্ড,ਥਾਈਲੈਂਡ
COUNTRY_POL,Poland,पोलैंड,पोलंड,போலந்து,పోలాండ్,ಪೋಲೆಂಡ್,পোল্যান্ড,ਪੋਲੈਂਡ
POS_RAIDER,Raider,रेडर,रेडर,ரெய்டர்,రైడర్,ರೇಡರ್,রেইডার,ਰੇਡਰ
POS_LEFT_CORNER,Left corner,लेफ्ट कॉर्नर,लेफ्ट कॉर्नर,லெஃப்ட் கார்னர்,లెఫ్ట్ కార్నర్,ಲೆಫ್ಟ್ ಕಾರ್ನರ್,লেফট কর্নার,ਲੈਫ਼ਟ ਕਾਰਨਰ
POS_RIGHT_CORNER,Right corner,राइट कॉर्नर,राइट कॉर्नर,ரைட் கார்னர்,రైట్ కార్నర్,ರೈಟ್ ಕಾರ್ನರ್,রাইট কর্নার,ਰਾਈਟ ਕਾਰਨਰ
POS_LEFT_COVER,Left cover,लेफ्ट कवर,लेफ्ट कव्हर,லெஃப்ட் கவர்,లెఫ్ట్ కవర్,ಲೆಫ್ಟ್ ಕವರ್,লেফট কভার,ਲੈਫ਼ਟ ਕਵਰ
POS_RIGHT_COVER,Right cover,राइट कवर,राइट कव्हर,ரைட் கவர்,రైట్ కవర్,ರೈಟ್ ಕವರ್,রাইট কভার,ਰਾਈਟ ਕਵਰ
POS_LEFT_IN,Left in,लेफ्ट इन,लेफ्ट इन,லெஃப்ட் இன்,లెఫ్ట్ ఇన్,ಲೆಫ್ಟ್ ಇನ್,লেফট ইন,ਲੈਫ਼ਟ ਇਨ
POS_RIGHT_IN,Right in,राइट इन,राइट इन,ரைட் இன்,రైట్ ఇన్,ರೈಟ್ ಇನ್,রাইট ইন,ਰਾਈਟ ਇਨ
POS_CENTRE,Centre,सेंटर,सेंटर,சென்டர்,సెంటర్,ಸೆಂಟರ್,সেন্টার,ਸੈਂਟਰ
LOADING,Loading…,लोड हो रहा है…,लोड होत आहे…,ஏற்றுகிறது…,లోడ్ అవుతోంది…,ಲೋಡ್ ಆಗುತ್ತಿದೆ…,লোড হচ্ছে…,ਲੋਡ ਹੋ ਰਿਹਾ ਹੈ…
PLACEHOLDER_NOTE,Placeholder athletes. Drop real character models into assets/characters to replace them.,ये प्लेसहोल्डर खिलाड़ी हैं। इन्हें बदलने के लिए असली कैरेक्टर मॉडल assets/characters में डालें।,हे प्लेसहोल्डर खेळाडू आहेत. त्यांच्या जागी खरी कॅरेक्टर मॉडेल्स assets/characters मध्ये टाका.,"இவை மாதிரி வீரர்கள். இவற்றை மாற்ற, உண்மையான கேரக்டர் மாடல்களை assets/characters-இல் சேர்க்கவும்.",ఇవి తాత్కాలిక ఆటగాళ్లు. వీటి స్థానంలో అసలు క్యారెక్టర్ మోడల్స్‌ను assets/characters లో ఉంచండి.,ಇವು ತಾತ್ಕಾಲಿಕ ಆಟಗಾರರು. ಇವರನ್ನು ಬದಲಿಸಲು ನಿಜವಾದ ಕ್ಯಾರೆಕ್ಟರ್ ಮಾಡೆಲ್‌ಗಳನ್ನು assets/characters ಗೆ ಹಾಕಿ.,এগুলো প্লেসহোল্ডার খেলোয়াড়। বদলাতে আসল ক্যারেক্টার মডেল assets/characters-এ রাখুন।,ਇਹ ਪਲੇਸਹੋਲਡਰ ਖਿਡਾਰੀ ਹਨ। ਇਹਨਾਂ ਨੂੰ ਬਦਲਣ ਲਈ ਅਸਲੀ ਕਰੈਕਟਰ ਮਾਡਲ assets/characters ਵਿੱਚ ਪਾਓ।
